 Nº ;NOME DO BENEFICIADO 
1;EU MESMO DA SILVA
2;EU MESMO DA SILVA
3;EU MESMO DA SILVA
4;EU MESMO DA SILVA
5;EU MESMO DA SILVA
6;EU MESMO DA SILVA
7;EU MESMO DA SILVA
8;EU MESMO DA SILVA
9;EU MESMO DA SILVA
10;EU MESMO DA SILVA
11;EU MESMO DA SILVA
12;EU MESMO DA SILVA
13;EU MESMO DA SILVA
14;EU MESMO DA SILVA
15;EU MESMO DA SILVA
16;EU MESMO DA SILVA
17;EU MESMO DA SILVA
18;EU MESMO DA SILVA
19;EU MESMO DA SILVA
20;EU MESMO DA SILVA
21;EU MESMO DA SILVA
22;EU MESMO DA SILVA
23;EU MESMO DA SILVA
24;EU MESMO DA SILVA
25;EU MESMO DA SILVA
26;EU MESMO DA SILVA
27;EU MESMO DA SILVA
28;EU MESMO DA SILVA
29;EU MESMO DA SILVA
30;EU MESMO DA SILVA
31;EU MESMO DA SILVA
32;EU MESMO DA SILVA
33;EU MESMO DA SILVA
34;EU MESMO DA SILVA
35;EU MESMO DA SILVA
36;EU MESMO DA SILVA
37;EU MESMO DA SILVA
38;EU MESMO DA SILVA
39;EU MESMO DA SILVA
40;EU MESMO DA SILVA
41;EU MESMO DA SILVA
42;EU MESMO DA SILVA
43;EU MESMO DA SILVA
44;EU MESMO DA SILVA
45;EU MESMO DA SILVA
46;EU MESMO DA SILVA
47;EU MESMO DA SILVA
48;EU MESMO DA SILVA
49;EU MESMO DA SILVA
50;EU MESMO DA SILVA
51;EU MESMO DA SILVA
52;EU MESMO DA SILVA
53;EU MESMO DA SILVA
54;EU MESMO DA SILVA
55;EU MESMO DA SILVA
56;EU MESMO DA SILVA
57;EU MESMO DA SILVA
58;EU MESMO DA SILVA
59;EU MESMO DA SILVA
60;EU MESMO DA SILVA
